投稿编号,审核情况,是否精选,投稿时间,毕业届数,选科组合,是否关联问题,关联问题,自由投稿正文,是否匿名,展示昵称,运营备注,联系方式,文章类型,其他类型,是否展示位次，院校与专业,高考位次,就读院校,就读专业,实验
HZ-20260621-037,拟通过,,2026/06/21,2025,"物理, 化学, 生物",否,,"211分数去二本，定向师范水涨船高还值得报考吗
定向师范在志愿填报中属于提前批次，面对缩编热潮，有一些想追求毕业即就业的同学会选择报考定向师范。
我也希望尽自己的绵薄之力能够帮到大家
很多同学关于定向会比较有疑问，定向师范真的好吗？定向师范适合什么样的人？毕业包分配的情况又是什么样的呢？选择去没那么好的学校读定向师范又意味着失去了什么呢？
首先我想说，今年对比去年，甚至去年对比前年，定向师范生的名额是在逐年递减的，这也造就了越来越高的分数线。
定向师范真的好吗？
关于这个问题，我觉得要结合个人情况来判断，定向师范的政策是保证有编有岗的，读了定向师范给我的感觉是我可以花更多的时间在探索自己感兴趣的事情上，参加活动只是因为我自己感兴趣才参加的。
定向师范的政策是你在学校毕业之后直接到定向地进行工作，一般是乡镇的村小或者中心校，工资待遇和别人一样。工作期间鼓励考非全日制研究生。在学校上学期间不用交学费住宿费和教材费，每年还有8000块钱的补贴。
定向师范适合什么样的人呢？
我个人觉得，定向师范一个是适合家里条件没那么好的同学们，追求安稳的生活的同学们，定向师范在一定程度上解决了一些经济负担。
另外一个是不想内卷的同学们，定向师范减少了就业压力，不用去卷绩点卷实习卷各种证书各种比赛。
毕业包分配的情况是怎么样的呢？
一般来说，选岗的条件是你需要有相关的教资证书，或者是教师资格认定。选岗的过程大概是参考笔试+面试or绩点+面试/笔试，这个选岗方式每年都在变，不同定向地不同。
不过六年的服务期是不能调动的，那六年是要待在
选择去没那么好的学校读定向师范又意味着失去了什么呢？
首先呢，肯定是一种降维打击，这个学校学习的课程凭借你之前的学习能力，基本上都是可以通过的。
至于失去了什么，我觉得是失去了成长的平台和环境，对比我的分数能上的普通批的院校，学校的资源差太多了，我现在在的学校都没什么实验室资源，所以很受限制，甚至图书资源都比别的学校少。
这个学校大家的学习氛围也不够浓烈，大家都蛮懒散的，对学习没那么上心，所以有时候还蛮可惜的。
总得来说呢，大家要对自己的志愿填报负责，对自己的人生负责，选择那条我们喜欢并且能养活自己的路😊
学姐祝你们永远拥有自己想要的生活呀",是,,,18420484107,"校园生活, 专业体验, 志愿填报",,否,,,,
